{
    "x": -0.09999627619981766,
    "y": -0.09999627619981766,
    "w": 4,
    "h": 4,
    "res": 0.05000000074505806
}