{
    "map_info": {
        "x": -1.549996256828308,
        "y": -4.349996566772461,
        "w": 196,
        "h": 355,
        "res": 0.05000000074505806
    },
    "view_state": {
        "active_crop": false,
        "crop_rect": null,
        "crop_poly": null,
        "scale": 1.0,
        "offset": [
            0,
            0
        ]
    },
    "is_cropped": false
}