{
    "map_info": {
        "x": -2.7499964237213135,
        "y": -4.699996471405029,
        "w": 221,
        "h": 362,
        "res": 0.05000000074505806
    },
    "view_state": {
        "active_crop": false,
        "crop_rect": null,
        "crop_poly": null,
        "scale": 1.0,
        "offset": [
            0,
            0
        ]
    },
    "is_cropped": false
}