{
    "map_info": {
        "x": -2.69999623298645,
        "y": -4.899996280670166,
        "w": 222,
        "h": 366,
        "res": 0.05000000074505806
    },
    "view_state": {
        "active_crop": false,
        "crop_rect": null,
        "crop_poly": null,
        "scale": 1.0,
        "offset": [
            0,
            0
        ]
    },
    "is_cropped": false
}