{
    "x": -1.4499963521957397,
    "y": -4.549996376037598,
    "w": 197.0,
    "h": 336.0,
    "res": 0.05000000074505806
}